LV_ClassName	Name	HP	ATK	DEF	EXP	Skill%	HoldingExplanation	立ち絵	floating	boating	Ghost	Fire	Ice	thunder	Magic	RandomWalk	WallWalk	紅魔郷	妖々夢	永夜抄	花映塚	風神録	地霊殿	星蓮船	神霊廟	輝針城	番外伝	ATTACK_SE
NullEnemy	f	30	20	8	30	0	f		f	f	f	f	f	f	f	f	f	f	f	f	f	f	f	f	f	f	f	ATTACK_HANDS
NullEnemy	f	50	20	15	100	0	f		f	f	f	f	f	f	f	f	f	f	f	f	f	f	f	f	f	f	f	ATTACK_HANDS
NullEnemy	f	60	20	20	700	0	f		f	f	f	f	f	f	f	f	f	f	f	f	f	f	f	f	f	f	f	ATTACK_HANDS
NullEnemy	*NullEnemy*	999	255	255	9999	0	f		f	f	f	f	f	f	f	f	f	f	f	f	f	f	f	f	f	f	f	ATTACK_HANDS
1_アリス	ゴスンアリス	30	26	14	69	20	周りを麻痺状態にするぞ		f	f	f	f	f	f	f	f	f	f	TRUE	f	f	f	f	f	f	f	f	ATTACK_SWORD
2_アリス	ゴッスンアリス	60	43	25	800	20	周りを麻痺状態にするぞ		f	f	f	f	f	f	f	f	f	f	TRUE	f	f	f	f	f	f	f	f	ATTACK_SWORD
3_アリス	ゴゴッスンアリス	120	64	33	2100	20	周りを麻痺状態にするぞ		f	f	f	f	f	f	f	f	f	f	TRUE	f	f	f	f	f	f	f	f	ATTACK_SWORD
4_アリス	ゴゴゴゴアリス	150	93	45	3400	20	周りを麻痺状態にするぞ		f	f	f	f	f	f	f	f	f	f	TRUE	f	f	f	f	f	f	f	f	ATTACK_SWORD
1_キスメ	キスメ	1	1	1	1	0	f		f	f	f	f	f	f	f	f	f	f	f	f	f	f	TRUE	f	f	f	f	ATTACK_HANDS
2_キスメ	キスメ	1	1	1	10	0	f		f	f	f	f	f	f	f	f	f	f	f	f	f	f	TRUE	f	f	f	f	ATTACK_HANDS
3_キスメ	キスメ	1	1	1	100	0	f		f	f	f	f	f	f	f	f	f	f	f	f	f	f	TRUE	f	f	f	f	ATTACK_HANDS
4_キスメ	*キスメ*	999	255	255	9999	0	f		f	f	f	f	f	f	f	f	f	f	f	f	f	f	TRUE	f	f	f	f	ATTACK_HANDS
1_チルノ	おてんばチルノ	9	9	9	9	0	部屋内にダメージを与えるぞ		f	f	f	f	TRUE	f	f	TRUE	f	TRUE	TRUE	f	TRUE	f	f	f	f	TRUE	f	ATTACK_HANDS
2_チルノ	さいきょーチルノ	99	99	19	1999	0	部屋内にダメージを与えるぞ		f	f	f	f	TRUE	f	f	TRUE	f	TRUE	TRUE	f	TRUE	f	f	f	f	TRUE	f	ATTACK_HANDS
3_チルノ	絶対可憐チルノ	199	129	69	4999	0	部屋内にダメージを与えるぞ		f	f	f	f	TRUE	f	f	TRUE	f	TRUE	TRUE	f	TRUE	f	f	f	f	TRUE	f	ATTACK_HANDS
4_チルノ	アチチルノ	299	199	9	9999	0	部屋内にダメージを与えるぞ		f	f	f	f	TRUE	f	f	TRUE	f	TRUE	TRUE	f	TRUE	f	f	f	f	TRUE	f	ATTACK_HANDS
1_ナズーリン	邪悪ナズーリン	55	28	23	450	100	HPが半分以下の時、クリティカルや複数回攻撃をするぞ		f	f	f	f	f	f	f	f	f	f	f	f	f	f	f	TRUE	f	f	f	ATTACK_SPEAR
2_ナズーリン	殺人ナズーリン	70	34	37	900	100	HPが半分以下の時、クリティカルや複数回攻撃をするぞ		f	f	f	f	f	f	f	f	f	f	f	f	f	f	f	TRUE	f	f	f	ATTACK_SPEAR
3_ナズーリン	ものすごいナズーリン	101	40	42	2100	100	HPが半分以下の時、クリティカルや複数回攻撃をするぞ		f	f	f	f	f	f	f	f	f	f	f	f	f	f	f	TRUE	f	f	f	ATTACK_SPEAR
4_ナズーリン	まももナズーリン	101	50	42	2300	100	HPが半分以下の時、クリティカルや複数回攻撃をするぞ		f	f	f	f	f	f	f	f	f	f	f	f	f	f	f	TRUE	f	f	f	ATTACK_SPEAR
1_にとり	道具改造にとり	16	9	6	19	0	通常攻撃をするぞ	河城にとり	f	TRUE	f	f	f	f	f	f	f	f	f	f	f	TRUE	f	f	f	f	f	ATTACK_HANDS
2_にとり	変換にとり	60	43	18	270	0	通常攻撃をするぞ	河城にとり	f	TRUE	f	f	f	f	f	f	f	f	f	f	f	TRUE	f	f	f	f	f	ATTACK_HANDS
3_にとり	魔造にとり	100	57	32	1460	0	通常攻撃をするぞ	河城にとり	f	TRUE	f	f	f	f	f	f	f	f	f	f	f	TRUE	f	f	f	f	f	ATTACK_HANDS
4_にとり	勝手にとり造	116	61	40	2100	70	通常攻撃をするぞ	河城にとり	f	TRUE	f	f	f	f	f	f	f	f	f	f	f	TRUE	f	f	f	f	f	ATTACK_HANDS
1_パチュリー	パパチュリー	5	24	5	113	70	杖を振るぞ		f	f	f	TRUE	TRUE	TRUE	TRUE	f	f	TRUE	f	f	f	f	f	f	f	f	f	ATTACK_FIRE
2_パチュリー	パオパチュリー	35	33	5	150	70	杖を振るぞ		f	f	f	TRUE	TRUE	TRUE	TRUE	f	f	TRUE	f	f	f	f	f	f	f	f	f	ATTACK_FIRE
3_パチュリー	パオパチュリーン	55	60	5	2600	70	杖を振るぞ		f	f	f	TRUE	TRUE	TRUE	TRUE	f	f	TRUE	f	f	f	f	f	f	f	f	f	ATTACK_FIRE
4_パチュリー	七曜の魔女	55	75	5	3400	70	杖を振るぞ		f	f	f	TRUE	TRUE	TRUE	TRUE	f	f	TRUE	f	f	f	f	f	f	f	f	f	ATTACK_FIRE
1_パルスィ	嫉妬パルスィ	13	8	7	10	30	周りの敵のMAXHPの半分のダメージを当たるぞ		f	f	f	f	f	f	f	f	f	f	f	f	f	f	TRUE	f	f	f	f	ATTACK_SHOOT
2_パルスィ	隔爆パルスィ	50	50	42	1200	30	周りの敵のMAXHPの半分のダメージを当たるぞ		f	f	f	f	f	f	f	f	f	f	f	f	f	f	TRUE	f	f	f	f	ATTACK_SHOOT
3_パルスィ	パルパルマスター	105	60	46	2000	30	周りの敵のMAXHPの半分のダメージを当たるぞ		f	f	f	f	f	f	f	f	f	f	f	f	f	f	TRUE	f	f	f	f	ATTACK_SHOOT
4_パルスィ	幽爆パルスィ	140	80	46	3300	60	周りの敵のMAXHPの半分のダメージを当たるぞ		f	f	f	f	f	f	f	f	f	f	f	f	f	f	TRUE	f	f	f	f	ATTACK_SHOOT
1_フランドール	熱戦フラン	48	31	7	105	20	敵を殴り飛ばすぞ		f	f	f	f	f	f	f	f	f	TRUE	f	f	f	f	f	f	f	f	f	ATTACK_SWORD
2_フランドール	烈戦フラン	130	83	10	1800	20	敵を殴り飛ばすぞ		f	f	f	f	f	f	f	f	f	TRUE	f	f	f	f	f	f	f	f	f	ATTACK_SWORD
3_フランドール	超激戦フラン	160	117	10	3450	20	敵を殴り飛ばすぞ		f	f	f	f	f	f	f	f	f	TRUE	f	f	f	f	f	f	f	f	f	ATTACK_SWORD
4_フランドール	悪魔の妹	120	165	0	4950	20	敵を殴り飛ばすぞ		f	f	f	f	f	f	f	f	f	TRUE	f	f	f	f	f	f	f	f	f	ATTACK_SWORD
1_ミスティア	さえずるミスチー	32	26	10	69	30	周囲の敵を混乱させるぞ		TRUE	f	f	f	f	f	f	f	f	f	f	TRUE	TRUE	f	f	f	f	f	f	ATTACK_SPECIAL_BODY
2_ミスティア	歌うミスチー	65	36	14	500	30	周囲の敵を混乱させるぞ		TRUE	f	f	f	f	f	f	f	f	f	f	TRUE	TRUE	f	f	f	f	f	f	ATTACK_SPECIAL_BODY
3_ミスティア	熱唱ミスチー	130	63	15	3000	30	周囲の敵を混乱させるぞ		TRUE	f	f	f	f	f	f	f	f	f	f	TRUE	TRUE	f	f	f	f	f	f	ATTACK_SPECIAL_BODY
4_ミスティア	コーラスマスター	255	80	21	4200	30	周囲の敵を混乱させるぞ		TRUE	f	f	f	f	f	f	f	f	f	f	TRUE	TRUE	f	f	f	f	f	f	ATTACK_SPECIAL_BODY
1_メディスン	メディやん	35	18	10	60	20	周囲の敵に毒を撒くぞ	メディスンメランコリー	f	f	f	f	f	f	f	f	f	f	f	f	TRUE	f	f	f	f	f	f	ATTACK_SMALL_OBJECT
2_メディスン	まじメディやん	65	30	18	150	20	周囲の敵に毒を撒くぞ	メディスンメランコリー	f	f	f	f	f	f	f	f	f	f	f	f	TRUE	f	f	f	f	f	f	ATTACK_SMALL_OBJECT
3_メディスン	ほんまメディやん	110	60	25	1900	20	周囲の敵に毒を撒くぞ	メディスンメランコリー	f	f	f	f	f	f	f	f	f	f	f	f	TRUE	f	f	f	f	f	f	ATTACK_SMALL_OBJECT
4_メディスン	スイートポイズン	110	90	92	4300	70	周囲の敵に毒を撒くぞ	メディスンメランコリー	f	f	f	f	f	f	f	f	f	f	f	f	TRUE	f	f	f	f	f	f	ATTACK_SMALL_OBJECT
1_ゆっくり霊夢	ゆっくり	5	2	2	2	0	鈍足攻撃をするぞ	ゆっくり	f	f	f	f	f	f	f	f	f	f	f	f	f	f	f	f	f	f	f	ATTACK_YUKKURI
2_ゆっくり霊夢	穴倉ゆっくり	5	4	2	3	0	鈍足攻撃をするぞ	ゆっくり	f	f	f	f	f	f	f	f	f	f	f	f	f	f	f	f	f	f	f	ATTACK_YUKKURI
3_ゆっくり霊夢	洞窟ゆっくり	5	50	200	500	0	鈍足攻撃をするぞ	ゆっくり	f	f	f	f	f	f	f	f	f	f	f	f	f	f	f	f	f	f	f	ATTACK_YUKKURI
4_ゆっくり霊夢	大変ゆっくり	41	50	999	1000	0	鈍足攻撃をするぞ	ゆっくり	f	f	f	f	f	f	f	f	f	f	f	f	f	f	f	f	f	f	f	ATTACK_YUKKURI
1_リグルナイトバグ	ホイッスル・リグル	13	7	5	8	20	蹴飛ばすぞ	リグル	f	f	f	f	f	f	f	f	f	f	f	TRUE	f	f	f	f	f	f	f	ATTACK_HANDS
2_リグルナイトバグ	イナズマ・リグル	70	48	20	520	40	蹴飛ばすぞ	リグル	f	f	f	f	f	f	f	f	f	f	f	TRUE	f	f	f	f	f	f	f	ATTACK_HANDS
3_リグルナイトバグ	リグル・ツバサ	110	74	31	2150	40	蹴飛ばすぞ	リグル	f	f	f	f	f	f	f	f	f	f	f	TRUE	f	f	f	f	f	f	f	ATTACK_HANDS
4_リグルナイトバグ	ばいばいリグル	120	80	40	2500	40	蹴飛ばすぞ	リグル	f	f	f	f	f	f	f	f	f	f	f	TRUE	f	f	f	f	f	f	f	ATTACK_HANDS
1_リリーホワイト	リリー・スターター	10	6	6	6	50	HPや状態異常をを回復するぞ		f	f	f	f	f	f	f	TRUE	f	f	TRUE	f	TRUE	f	f	f	f	f	f	ATTACK_SHOOT
2_リリーホワイト	ストーン・リリー	40	12	42	76	50	HPや状態異常をを回復するぞ		f	f	f	f	f	f	f	TRUE	f	f	TRUE	f	TRUE	f	f	f	f	f	f	ATTACK_SHOOT
3_リリーホワイト	ホワイト・ダイアモンド	40	30	80	700	50	HPや状態異常をを回復するぞ		f	f	f	f	f	f	f	TRUE	f	f	TRUE	f	TRUE	f	f	f	f	f	f	ATTACK_SHOOT
4_リリーホワイト	リリー・13	80	35	100	1900	50	HPや状態異常をを回復するぞ		f	f	f	f	f	f	f	TRUE	f	f	TRUE	f	TRUE	f	f	f	f	f	f	ATTACK_SHOOT
1_ルーミア	モグモグルーミア	32	22	10	25	0	隠れるぞ		TRUE	f	f	f	f	f	f	f	f	TRUE	f	f	f	f	f	f	f	f	f	ATTACK_EAT
2_ルーミア	パクパクルーミア	70	60	15	1450	0	隠れるぞ		TRUE	f	f	f	f	f	f	f	f	TRUE	f	f	f	f	f	f	f	f	f	ATTACK_EAT
3_ルーミア	メシウマルーミア	85	90	25	3000	0	隠れるぞ		TRUE	f	f	f	f	f	f	f	f	TRUE	f	f	f	f	f	f	f	f	f	ATTACK_EAT
4_ルーミア	宵闇ルーミア	164	135	40	4200	0	隠れるぞ		TRUE	f	f	f	f	f	f	f	f	TRUE	f	f	f	f	f	f	f	f	f	ATTACK_EAT
1_レティ	コールドレティ	40	25	10	70	20	通常攻撃をするぞ		f	f	f	f	TRUE	f	f	f	f	f	TRUE	f	f	f	f	f	f	f	f	ATTACK_SHOOT_ICY
2_レティ	エターナルレティ	80	55	21	1000	20	通常攻撃をするぞ		f	f	f	f	TRUE	f	f	f	f	f	TRUE	f	f	f	f	f	f	f	f	ATTACK_SHOOT_ICY
3_レティ	パーフェクトレティ	130	80	42	1800	20	通常攻撃をするぞ		f	f	f	f	TRUE	f	f	f	f	f	TRUE	f	f	f	f	f	f	f	f	ATTACK_SHOOT_ICY
4_レティ	雪女	255	85	55	2300	40	通常攻撃をするぞ		f	f	f	f	TRUE	f	f	f	f	f	TRUE	f	f	f	f	f	f	f	f	ATTACK_SHOOT_ICY
1_レミリア	飛びつきレミリア	65	62	11	650	70	飛びついて攻撃をするぞ		f	f	f	f	f	f	f	f	f	TRUE	f	f	f	f	f	f	f	f	f	ATTACK_HANDS
2_レミリア	ヴァンパイアロード	120	100	25	4500	70	飛びついて攻撃をするぞ		f	f	f	f	f	f	f	f	f	TRUE	f	f	f	f	f	f	f	f	f	ATTACK_HANDS
3_レミリア	最強無敵の吸血姫	155	120	25	5500	70	飛びついて攻撃をするぞ		f	f	f	f	f	f	f	f	f	TRUE	f	f	f	f	f	f	f	f	f	ATTACK_HANDS
4_レミリア	究極生物レミリア	200	145	30	9999	70	飛びついて攻撃をするぞ		f	f	f	f	f	f	f	f	TRUE	TRUE	f	f	f	f	f	f	f	f	f	ATTACK_HANDS
1_伊吹萃香	ぐるぐる萃香	61	35	10	200	70	会心攻撃をするぞ		f	f	f	f	f	f	f	TRUE	f	f	f	f	f	f	f	f	f	f	TRUE	ATTACK_HEAVY
2_伊吹萃香	ふえる萃香	122	90	15	575	70	会心攻撃をするぞ		f	f	f	f	f	f	f	TRUE	f	f	f	f	f	f	f	f	f	f	TRUE	ATTACK_HEAVY
3_伊吹萃香	ぐんぐん萃香	180	114	20	1300	70	会心攻撃をするぞ		f	f	f	f	f	f	f	TRUE	f	f	f	f	f	f	f	f	f	f	TRUE	ATTACK_HEAVY
4_伊吹萃香	ひとり百鬼夜行	240	100	10	4500	70	会心攻撃をするぞ		f	f	f	f	f	f	f	TRUE	f	f	f	f	f	f	f	f	f	f	TRUE	ATTACK_HEAVY
1_因幡てゐ	落としてゐ	30	17	8	67	0	フロアに罠をしかけるぞ		f	f	f	f	f	f	f	f	f	f	f	TRUE	TRUE	f	f	f	f	f	f	ATTACK_HANDS
2_因幡てゐ	てゐッ嫌い	43	33	23	120	0	フロアに罠をしかけるぞ		f	f	f	f	f	f	f	f	f	f	f	TRUE	TRUE	f	f	f	f	f	f	ATTACK_HANDS
3_因幡てゐ	永遠てゐ	70	60	30	2500	0	フロアに罠をしかけるぞ		f	f	f	f	f	f	f	f	f	f	f	TRUE	TRUE	f	f	f	f	f	f	ATTACK_HANDS
4_因幡てゐ	うざってゐ	77	77	77	777	0	フロアに罠をしかけるぞ		f	f	f	f	f	f	f	f	f	f	f	TRUE	TRUE	f	f	f	f	f	f	ATTACK_HANDS
1_雲居一輪	一輪軍曹	30	20	10	30	0	f	一輪雲山	f	f	f	f	f	f	f	f	f	f	f	f	f	TRUE	f	f	f	f	f	ATTACK_HANDS
2_雲居一輪	一輪大佐	50	34	24	300	0	f	一輪雲山	f	f	f	TRUE	f	f	f	f	f	f	f	f	f	TRUE	f	f	f	f	f	ATTACK_HANDS
3_雲居一輪	一輪将軍	80	55	30	2300	0	f	一輪雲山	f	TRUE	f	f	f	f	f	f	f	f	f	f	f	TRUE	f	f	f	f	f	ATTACK_HANDS
4_雲居一輪	*雲居一輪*	999	255	255	9999	0	f	一輪雲山	f	TRUE	f	TRUE	f	f	f	f	f	f	f	f	f	TRUE	f	f	f	f	f	ATTACK_HANDS
1_永江衣玖	Ms衣玖さん	31	18	12	26	35	部屋内に雷を落とすぞ		f	f	f	f	f	TRUE	f	f	f	f	f	f	f	f	f	f	f	f	TRUE	ATTACK_ROOLING
2_永江衣玖	はぐれ衣玖さん	42	28	18	300	35	部屋内に雷を落とすぞ		f	f	f	f	f	TRUE	f	f	f	f	f	f	f	f	f	f	f	f	TRUE	ATTACK_ROOLING
3_永江衣玖	キャー衣玖さん	74	64	20	1200	35	部屋内に雷を落とすぞ		f	f	f	f	f	TRUE	f	f	f	f	f	f	f	f	f	f	f	f	TRUE	ATTACK_ROOLING
4_永江衣玖	レア生物衣玖さん	19	3	999	1930	45	部屋内に雷を落とすぞ		f	f	f	f	f	TRUE	f	f	f	f	f	f	f	f	f	f	f	f	TRUE	ATTACK_ROOLING
1_洩矢諏訪子	ケロ諏訪子	61	1	25	300	35	部屋内の敵の防御力を無くすぞ		f	TRUE	f	f	f	f	f	f	f	f	f	f	f	TRUE	f	f	f	f	f	ATTACK_HEAVY
2_洩矢諏訪子	ケロケロ諏訪子	80	3	40	1200	35	部屋内の敵の防御力を無くすぞ		f	TRUE	f	f	f	f	f	f	f	f	f	f	f	TRUE	f	f	f	f	f	ATTACK_HEAVY
3_洩矢諏訪子	ドシャブリ諏訪子	120	5	55	2500	35	部屋内の敵の防御力を無くすぞ		f	TRUE	f	f	f	f	f	f	f	f	f	f	f	TRUE	f	f	f	f	f	ATTACK_HEAVY
4_洩矢諏訪子	ゲリラ諏訪子	100	50	30	3000	35	部屋内の敵の防御力を無くすぞ		f	TRUE	f	f	f	f	f	f	f	f	f	f	f	TRUE	f	f	f	f	f	ATTACK_HEAVY
1_黄金ゆっくり	黒鉄ゆっくり	10	60	999	1500	0	倍速状態になるぞ		f	f	f	f	f	f	f	f	f	f	f	f	f	f	f	f	f	f	f	ATTACK_YUKKURI
2_黄金ゆっくり	白銀ゆっくり	10	70	999	3000	0	倍速状態になるぞ		f	f	f	f	f	f	f	f	f	f	f	f	f	f	f	f	f	f	f	ATTACK_YUKKURI
3_黄金ゆっくり	黄金ゆっくり	10	80	999	5000	0	倍速状態になるぞ		f	f	f	f	f	f	f	f	f	f	f	f	f	f	f	f	f	f	f	ATTACK_YUKKURI
4_黄金ゆっくり	無色ゆっくり	10	90	999	6000	0	倍速状態になるぞ		f	f	f	f	f	f	f	f	f	f	f	f	f	f	f	f	f	f	f	ATTACK_YUKKURI
1_火焔猫燐	おりんりん	48	31	15	140	20	敵を召喚するぞ		f	f	f	f	f	f	f	f	f	f	f	f	f	f	TRUE	f	f	f	f	ATTACK_SCRATCH
2_火焔猫燐	おりりりん	65	37	20	300	20	敵を召喚するぞ		f	f	f	f	f	f	f	f	f	f	f	f	f	f	TRUE	f	f	f	f	ATTACK_SCRATCH
3_火焔猫燐	おりんりりんり	110	75	25	2800	20	敵を召喚するぞ		f	f	f	f	f	f	f	f	f	f	f	f	f	f	TRUE	f	f	f	f	ATTACK_SCRATCH
4_火焔猫燐	不吉運び	120	75	31	5000	20	敵を召喚するぞ		f	f	f	f	f	f	f	f	f	f	f	f	f	f	TRUE	f	f	f	f	ATTACK_SCRATCH
1_宮古芳香	ポイズン芳香	65	18	0	56	20	満腹度を回復するぞ		f	f	TRUE	f	f	f	f	f	f	f	f	f	f	f	f	f	TRUE	f	f	ATTACK_SPEAR
2_宮古芳香	ペコペコ芳香	99	30	20	260	20	満腹度を回復するぞ		f	f	TRUE	f	f	f	f	f	f	f	f	f	f	f	f	f	TRUE	f	f	ATTACK_SPEAR
3_宮古芳香	ダイエット芳香	255	30	0	1900	20	満腹度を回復するぞ		f	f	TRUE	f	f	f	f	f	f	f	f	f	f	f	f	f	TRUE	f	f	ATTACK_SPEAR
4_宮古芳香	ウォールオブ芳香	999	30	0	2900	20	満腹度を回復するぞ		f	f	TRUE	f	f	f	f	f	f	f	f	f	f	f	f	f	TRUE	f	f	ATTACK_SPEAR
1_犬走椛	哨戒もみじ	30	18	28	27	0	透視状態になるぞ		f	f	f	f	f	f	f	f	f	f	f	f	f	TRUE	f	f	f	f	f	ATTACK_SWORD
2_犬走椛	賢狼もみじ	43	35	64	240	0	透視状態になるぞ		f	f	f	f	f	f	f	f	f	f	f	f	f	TRUE	f	f	f	f	f	ATTACK_SWORD
3_犬走椛	もみじハンター	70	68	84	1680	0	透視状態になるぞ		f	f	f	f	f	f	f	f	f	f	f	f	f	TRUE	f	f	f	f	f	ATTACK_SWORD
4_犬走椛	風来の椛	120	120	120	5000	0	透視状態になるぞ		f	f	f	f	f	f	f	f	f	f	f	f	f	TRUE	f	f	f	f	f	ATTACK_SWORD
1_鍵山雛	おはらい雛	22	13	9	20	100	自らの状態異常を吸い取るぞ		f	TRUE	f	f	f	f	f	f	f	f	f	f	f	TRUE	f	f	f	f	f	ATTACK_ROOLING
2_鍵山雛	バキューム雛	42	30	25	300	100	自らの状態異常を吸い取るぞ		f	TRUE	f	f	f	f	f	f	f	f	f	f	f	TRUE	f	f	f	f	f	ATTACK_ROOLING
3_鍵山雛	ダイソン雛	90	55	30	2000	100	自らの状態異常を吸い取るぞ		f	TRUE	f	f	f	f	f	f	f	f	f	f	f	TRUE	f	f	f	f	f	ATTACK_ROOLING
4_鍵山雛	厄神様	189	89	89	8910	100	自らの状態異常を吸い取るぞ		f	TRUE	f	f	f	f	f	f	f	f	f	f	f	TRUE	f	f	f	f	f	ATTACK_ROOLING
1_古明地こいし	エーテルこいし	50	29	9	139	0	通常攻撃をするぞ		f	f	f	f	f	f	f	TRUE	f	f	f	f	f	f	TRUE	f	f	f	f	ATTACK_SHOOT
2_古明地こいし	ミラージュこいし	65	32	10	450	0	通常攻撃をするぞ		f	f	f	f	f	f	f	TRUE	f	f	f	f	f	f	TRUE	f	f	f	f	ATTACK_SHOOT
3_古明地こいし	アストラルこいし	75	59	10	3000	0	通常攻撃をするぞ		f	f	f	f	f	f	f	TRUE	f	f	f	f	f	f	TRUE	f	f	f	f	ATTACK_SHOOT
4_古明地こいし	なにものか	130	68	15	7500	0	通常攻撃をするぞ		f	f	f	f	f	f	f	TRUE	TRUE	f	f	f	f	f	TRUE	f	f	f	f	ATTACK_SHOOT
1_古明地さとり	ラブさとり	40	25	12	35	20	フロア内に空とこいしを召喚するぞ		f	f	f	f	f	f	f	f	f	f	f	f	f	f	TRUE	f	f	f	f	ATTACK_SHOOT_ICY
2_古明地さとり	ラブラブさとり	60	40	25	1000	20	フロア内に空とこいしを召喚するぞ		f	f	f	f	f	f	f	f	f	f	f	f	f	f	TRUE	f	f	f	f	ATTACK_SHOOT_ICY
3_古明地さとり	ラブチュッチュさとり	80	55	35	2105	20	フロア内に空とこいしを召喚するぞ		f	f	f	f	f	f	f	f	f	f	f	f	f	f	TRUE	f	f	f	f	ATTACK_SHOOT_ICY
4_古明地さとり	地底の主人	123	80	45	3000	20	フロア内に空とこいしを召喚するぞ		f	f	f	f	f	f	f	f	f	f	f	f	f	f	TRUE	f	f	f	f	ATTACK_SHOOT_ICY
1_紅美鈴	ファイア美鈴	46	20	12	50	40	火を吹くぞ		f	f	f	f	f	f	f	f	f	TRUE	f	f	f	f	f	f	f	f	f	ATTACK_AURA
2_紅美鈴	フレア美鈴	68	31	22	260	40	火を吹くぞ		f	f	f	f	f	f	f	f	f	TRUE	f	f	f	f	f	f	f	f	f	ATTACK_AURA
3_紅美鈴	エイジャ美鈴	135	67	30	2400	40	火を吹くぞ		f	f	f	f	f	f	f	f	f	TRUE	f	f	f	f	f	f	f	f	f	ATTACK_AURA
4_紅美鈴	マグマ美鈴	155	120	25	3000	40	火を吹くぞ		f	f	f	f	f	f	f	f	f	TRUE	f	f	f	f	f	f	f	f	f	ATTACK_AURA
1_黒谷ヤマメ	ヤマメータ	38	27	15	70	20	キスメを投げるぞ		f	f	f	f	f	f	f	f	f	f	f	f	f	f	TRUE	f	f	f	f	ATTACK_SWING
2_黒谷ヤマメ	ヤマメーチョ	50	39	21	440	20	キスメを投げるぞ		f	f	f	f	f	f	f	f	f	f	f	f	f	f	TRUE	f	f	f	f	ATTACK_SWING
3_黒谷ヤマメ	ヤマメートン	95	53	25	2600	20	キスメを投げるぞ		f	f	f	f	f	f	f	f	f	f	f	f	f	f	TRUE	f	f	f	f	ATTACK_SWING
4_黒谷ヤマメ	キスメ投げ全一	120	63	10	3000	15	キスメを投げるぞ		f	f	f	f	f	f	f	TRUE	f	f	f	f	f	f	TRUE	f	f	f	f	ATTACK_SWING
1_魂魄妖夢	初段妖夢	72	35	18	200	30	通常攻撃をするぞ		f	f	half	f	f	f	f	f	f	f	TRUE	f	TRUE	f	f	f	f	f	f	ATTACK_SWORD
2_魂魄妖夢	８段妖夢	85	61	30	2000	30	通常攻撃をするぞ		f	f	half	f	f	f	f	f	f	f	TRUE	f	TRUE	f	f	f	f	f	f	ATTACK_SWORD
3_魂魄妖夢	皆伝妖夢	145	126	40	3200	30	通常攻撃をするぞ		f	f	half	f	f	f	f	f	f	f	TRUE	f	TRUE	f	f	f	f	f	f	ATTACK_SWORD
4_魂魄妖夢	妖夢師範	210	156	10	4500	30	通常攻撃をするぞ		f	f	half	f	f	f	f	f	f	f	TRUE	f	TRUE	f	f	f	f	f	f	ATTACK_SWORD
1_四季映姫ヤマザナドゥ	閻魔様	255	255	20	0	100	通常攻撃をするぞ	四季映姫・ヤマザナドゥ	f	f	f	f	f	f	f	f	f	f	f	f	TRUE	f	f	f	f	f	f	ATTACK_SMALL_OBJECT
2_四季映姫ヤマザナドゥ	処刑人	255	255	20	0	100	通常攻撃をするぞ	四季映姫・ヤマザナドゥ	f	f	f	f	f	f	f	f	f	f	f	f	TRUE	f	f	f	f	f	f	ATTACK_SMALL_OBJECT
3_四季映姫ヤマザナドゥ	ジャッジメント	255	255	20	0	100	通常攻撃をするぞ	四季映姫・ヤマザナドゥ	f	f	f	f	f	f	f	f	f	f	f	f	TRUE	f	f	f	f	f	f	ATTACK_SMALL_OBJECT
4_四季映姫ヤマザナドゥ	絶対許ザナドゥ	999	255	255	0	100	通常攻撃をするぞ	四季映姫・ヤマザナドゥ	f	f	f	f	f	f	f	f	f	f	f	f	TRUE	f	f	f	f	f	f	ATTACK_SMALL_OBJECT
1_射命丸文	イダテンあや	32	21	8	72	0	通常攻撃をするぞ		f	f	f	f	f	f	f	f	f	f	f	f	TRUE	TRUE	f	f	f	f	f	ATTACK_SMALL_OBJECT
2_射命丸文	シップウあや	43	38	11	380	0	通常攻撃をするぞ		f	f	f	f	f	f	f	f	f	f	f	f	TRUE	TRUE	f	f	f	f	f	ATTACK_SMALL_OBJECT
3_射命丸文	神風あや	135	65	29	3400	0	通常攻撃をするぞ		f	f	f	f	f	f	f	f	f	f	f	f	TRUE	TRUE	f	f	f	f	f	ATTACK_SMALL_OBJECT
4_射命丸文	烈風少女	159	72	40	8888	0	通常攻撃をするぞ		f	f	f	f	f	f	f	f	TRUE	f	f	f	TRUE	TRUE	f	f	f	f	f	ATTACK_SMALL_OBJECT
1_十六夜咲夜	ワールド咲夜	22	15	7	19	50	ナイフを投げるぞ		f	f	f	f	f	f	f	f	f	TRUE	f	f	TRUE	f	f	f	f	f	f	ATTACK_SWORD
2_十六夜咲夜	ラット咲夜	65	40	20	400	50	毒ナイフを投げるぞ		f	f	f	f	f	f	f	f	f	TRUE	f	f	TRUE	f	f	f	f	f	f	ATTACK_SWORD
3_十六夜咲夜	ザ・咲夜	110	70	37	3100	80	ナイフを投げるぞ		f	f	f	f	f	f	f	f	f	TRUE	f	f	TRUE	f	f	f	f	f	f	ATTACK_SWORD
4_十六夜咲夜	チェックメイト	141	110	40	3980	80	ナイフを投げるぞ		f	f	f	f	f	f	f	f	f	TRUE	f	f	TRUE	f	f	f	f	f	f	ATTACK_SWORD
1_小悪魔	こあ魔使い	49	20	12	60	40	杖を振るぞ		f	f	f	f	f	f	f	f	f	TRUE	f	f	f	f	f	f	f	f	f	ATTACK_SHOOT_ICY
2_小悪魔	こあ魔導	80	34	25	500	40	杖を振るぞ		f	f	f	f	f	f	f	f	f	TRUE	f	f	f	f	f	f	f	f	f	ATTACK_SHOOT_ICY
3_小悪魔	こあ魔王	115	50	30	3200	40	杖を振るぞ		f	f	f	f	f	f	f	f	f	TRUE	f	f	f	f	f	f	f	f	f	ATTACK_SHOOT_ICY
4_小悪魔	マスターコア	255	50	30	6666	40	杖を振るぞ		f	f	f	f	f	f	f	f	f	TRUE	f	f	f	f	f	f	f	f	f	ATTACK_SHOOT_ICY
1_小野塚小町	足止め小町	60	50	11	50	40	通常攻撃をするぞ		f	TRUE	f	f	f	f	f	f	f	f	f	f	TRUE	f	f	f	f	f	f	ATTACK_SWORD
2_小野塚小町	引き寄せ小町	80	100	15	50	40	通常攻撃をするぞ		f	TRUE	f	f	f	f	f	f	f	f	f	f	TRUE	f	f	f	f	f	f	ATTACK_SWORD
3_小野塚小町	血まみれ小町	98	200	20	50	40	通常攻撃をするぞ		f	TRUE	f	f	f	f	f	f	f	f	f	f	TRUE	f	f	f	f	f	f	ATTACK_SWORD
4_小野塚小町	働く小町	120	255	25	100	100	通常攻撃をするぞ		f	TRUE	f	f	f	f	f	f	f	f	f	f	TRUE	f	f	f	f	f	f	ATTACK_SWORD
1_上白沢慧音	くねくね慧音	51	25	13	200	30	部屋内の敵のレベルを下げるぞ		f	f	f	f	f	f	f	f	f	f	f	TRUE	f	f	f	f	f	f	f	ATTACK_HEAVY
2_上白沢慧音	ミステリー慧音	90	45	25	700	30	部屋内の敵のレベルを下げるぞ		f	f	f	f	f	f	f	f	f	f	f	TRUE	f	f	f	f	f	f	f	ATTACK_HEAVY
3_上白沢慧音	石慧音	40	65	100	2000	30	部屋内の敵のレベルを下げるぞ		f	f	f	f	f	f	f	f	f	f	f	TRUE	f	f	f	f	f	f	f	ATTACK_HEAVY
4_上白沢慧音	歴史喰い	120	70	55	2500	70	部屋内の敵のレベルを下げるぞ		f	f	f	f	f	f	f	f	f	f	f	TRUE	f	f	f	f	f	f	f	ATTACK_HEAVY
1_人形	にせもの	40	1	1	1	0	f	ちるの人形	f	f	f	f	f	f	f	f	f	f	f	f	f	f	f	f	f	f	f	ATTACK_HANDS
2_人形	まるでほんもの	100	1	1	1	0	f	ちるの人形	f	f	f	f	f	f	f	f	f	f	f	f	f	f	f	f	f	f	f	ATTACK_HANDS
3_人形	残念私は人形さ	255	1	1	1	0	f	ちるの人形	f	f	f	f	f	f	f	f	f	f	f	f	f	f	f	f	f	f	f	ATTACK_HANDS
4_人形	マミゾウ印のお人形	255	1	100	1	0	f	ちるの人形	f	f	f	f	f	f	f	f	f	f	f	f	f	f	f	f	f	f	f	ATTACK_HANDS
雛形	f	30	20	8	30	0	f		f	f	f	f	f	f	f	f	f	f	f	f	f	f	f	f	f	f	f	ATTACK_HANDS
雛形	f	50	20	15	100	0	f		f	f	f	f	f	f	f	f	f	f	f	f	f	f	f	f	f	f	f	ATTACK_HANDS
雛形	f	60	20	20	700	0	f		f	f	f	f	f	f	f	f	f	f	f	f	f	f	f	f	f	f	f	ATTACK_HANDS
雛形	*雛形*	999	255	255	9999	0	f		f	f	f	f	f	f	f	f	f	f	f	f	f	f	f	f	f	f	f	ATTACK_HANDS
1_星熊勇儀	ミノ勇儀	100	45	5	520	45	会心攻撃をするぞ		f	f	f	f	f	f	f	f	f	f	f	f	f	f	TRUE	f	f	f	f	ATTACK_HEAVY
2_星熊勇儀	メガ勇儀	140	60	15	2000	45	会心攻撃をするぞ		f	f	f	f	f	f	f	f	f	f	f	f	f	f	TRUE	f	f	f	f	ATTACK_HEAVY
3_星熊勇儀	ギガ勇儀	180	130	25	5000	30	会心攻撃をするぞ		f	f	f	f	f	f	f	f	f	f	f	f	f	f	TRUE	f	f	f	f	ATTACK_HEAVY
4_星熊勇儀	ギガガガ勇儀	190	255	30	6000	30	会心攻撃をするぞ		f	f	f	f	f	f	f	f	f	f	f	f	f	f	TRUE	f	f	f	f	ATTACK_HEAVY
1_聖白蓮	バッド白蓮	49	20	12	60	40	杖を振るぞ		f	f	f	f	f	f	f	f	f	f	f	f	f	f	f	TRUE	f	f	f	ATTACK_AURA
2_聖白蓮	エビル白蓮	80	34	25	500	40	杖を振るぞ		f	f	f	f	f	f	f	f	f	f	f	f	f	f	f	TRUE	f	f	f	ATTACK_AURA
3_聖白蓮	デビルバッド白蓮	115	50	30	1800	40	杖を振るぞ		f	f	f	f	f	f	f	f	f	f	f	f	f	f	f	TRUE	f	f	f	ATTACK_AURA
4_聖白蓮	最悪白蓮	255	50	30	4000	70	杖を振るぞ		f	f	f	f	f	f	f	TRUE	f	f	f	f	f	f	f	TRUE	f	f	f	ATTACK_AURA
1_西行寺幽々子	いざない幽々子	39	20	16	46	40	部屋内の敵に死の宣告を当たるぞ		f	f	TRUE	f	f	f	f	f	f	f	TRUE	f	f	f	f	f	TRUE	f	f	ATTACK_SMALL_OBJECT
2_西行寺幽々子	約束幽々子	65	35	30	200	40	部屋内の敵に死の宣告を当たるぞ		f	f	TRUE	f	f	f	f	f	f	f	TRUE	f	f	f	f	f	TRUE	f	f	ATTACK_SMALL_OBJECT
3_西行寺幽々子	死蝶幽々子	90	60	42	2600	40	部屋内の敵に死の宣告を当たるぞ		f	f	TRUE	f	f	f	f	f	f	f	TRUE	f	f	f	f	f	TRUE	f	f	ATTACK_SMALL_OBJECT
4_西行寺幽々子	反魂幽々子	255	60	50	4200	60	部屋内の敵に死の宣告を当たるぞ		f	f	TRUE	f	f	f	f	f	f	f	TRUE	f	f	f	f	f	TRUE	f	f	ATTACK_SMALL_OBJECT
1_蘇我屠自古	ビリ屠自古	51	22	16	216	50	雷弾を発射するぞ		TRUE	f	TRUE	f	f	TRUE	f	f	f	f	f	f	f	f	f	f	TRUE	f	f	ATTACK_SHOOT
2_蘇我屠自古	ズドン屠自古	72	24	21	550	50	雷弾を発射するぞ		TRUE	f	TRUE	f	f	TRUE	f	f	f	f	f	f	f	f	f	f	TRUE	f	f	ATTACK_SHOOT
3_蘇我屠自古	バリバリ屠自古	83	26	36	800	50	雷弾を発射するぞ		TRUE	f	TRUE	f	f	TRUE	f	f	f	f	f	f	f	f	f	f	TRUE	f	f	ATTACK_SHOOT
4_蘇我屠自古	バオウ屠自古	121	71	33	3200	50	雷弾を発射するぞ		TRUE	f	TRUE	f	f	TRUE	f	f	f	f	f	f	f	f	f	f	TRUE	f	f	ATTACK_SHOOT
1_村紗水蜜	アンカームラサ	35	23	10	66	40	アンカーを投げるぞ		f	TRUE	TRUE	f	f	f	f	f	f	f	f	f	f	f	f	TRUE	f	f	f	ATTACK_WATER
2_村紗水蜜	転覆ムラサ	55	41	25	300	55	アンカーを投げるぞ		f	TRUE	TRUE	f	f	f	f	f	f	f	f	f	f	f	f	TRUE	f	f	f	ATTACK_WATER
3_村紗水蜜	撃沈ムラサ	90	56	32	2300	70	アンカーを投げるぞ		f	TRUE	TRUE	f	f	f	f	f	f	f	f	f	f	f	f	TRUE	f	f	f	ATTACK_WATER
4_村紗水蜜	キャプテンムラサ	300	71	40	8900	70	アンカーを投げるぞ		f	TRUE	TRUE	f	f	f	f	f	f	f	f	f	f	f	f	TRUE	f	f	f	ATTACK_WATER
1_多々良小傘	おどろき小傘	30	25	0	60	20	飛び回るぞ		f	f	f	f	f	f	f	f	f	f	f	f	f	f	f	TRUE	TRUE	f	f	ATTACK_UNKNOWN
2_多々良小傘	びっくり小傘	71	42	0	500	20	飛び回るぞ		f	f	f	f	f	f	f	f	f	f	f	f	f	f	f	TRUE	TRUE	f	f	ATTACK_UNKNOWN
3_多々良小傘	ハプニング小傘	120	80	0	2800	20	飛び回るぞ		f	f	f	f	f	f	f	f	f	f	f	f	f	f	f	TRUE	TRUE	f	f	ATTACK_UNKNOWN
4_多々良小傘	茫然小傘	142	120	0	7700	40	飛び回るぞ		f	f	f	f	f	f	f	f	f	f	f	f	f	f	f	TRUE	TRUE	f	f	ATTACK_UNKNOWN
1_大妖精	にせ大ちゃん	18	14	10	12	40	次の階に行くぞ		TRUE	f	f	f	f	f	f	f	f	TRUE	f	f	f	f	f	f	f	f	f	ATTACK_SPECIAL_BODY
2_大妖精	大さん	49	28	25	150	40	次の階に行くぞ		TRUE	f	f	f	f	f	f	f	f	TRUE	f	f	f	f	f	f	f	f	f	ATTACK_SPECIAL_BODY
3_大妖精	大様	90	37	30	1100	40	次の階に行くぞ		TRUE	f	f	f	f	f	f	f	f	TRUE	f	f	f	f	f	f	f	f	f	ATTACK_SPECIAL_BODY
4_大妖精	でかい大妖精	20	20	99	3000	40	次の階に行くぞ		TRUE	f	f	f	f	f	f	f	f	TRUE	f	f	f	f	f	f	f	f	f	ATTACK_SPECIAL_BODY
1_東風谷早苗	早苗にぎり	29	15	10	23	13	敵をおにぎりにするぞ		f	f	f	f	f	f	f	f	f	f	f	f	f	TRUE	TRUE	f	f	f	f	ATTACK_SMALL_OBJECT
2_東風谷早苗	早苗親方	67	38	21	470	35	敵をおにぎりにするぞ		f	f	f	f	f	f	f	f	f	f	f	f	f	TRUE	TRUE	f	f	f	f	ATTACK_SMALL_OBJECT
3_東風谷早苗	早苗元締め	105	60	35	2400	35	敵をおにぎりにするぞ		f	f	f	f	f	f	f	f	f	f	f	f	f	TRUE	TRUE	f	f	f	f	ATTACK_SMALL_OBJECT
4_東風谷早苗	早苗神	255	60	35	3400	75	敵をおにぎりにするぞ		f	f	f	f	f	f	f	f	f	f	f	f	f	TRUE	TRUE	f	f	f	f	ATTACK_SMALL_OBJECT
1_藤原妹紅	火炎妹紅	45	32	5	130	30	通常攻撃をするぞ		f	f	f	TRUE	f	f	f	f	f	f	f	TRUE	f	f	f	f	f	f	f	ATTACK_FIRE
2_藤原妹紅	火炎妹紅2	5	3	1	1	30	通常攻撃をするぞ		f	f	f	TRUE	f	f	f	f	f	f	f	TRUE	f	f	f	f	f	f	f	ATTACK_FIRE
3_藤原妹紅	火炎妹紅3	5	3	1	1	30	通常攻撃をするぞ		f	f	f	TRUE	f	f	f	f	f	f	f	TRUE	f	f	f	f	f	f	f	ATTACK_FIRE
4_藤原妹紅	火炎妹紅4	5	3	1	1	30	通常攻撃をするぞ		f	f	f	TRUE	f	f	f	f	f	f	f	TRUE	f	f	f	f	f	f	f	ATTACK_FIRE
1_寅丸星	寅丸☆ブン	47	35	10	133	60	通常攻撃をするぞ		f	f	f	f	f	f	f	f	f	f	f	f	f	f	f	TRUE	f	f	f	ATTACK_SPEAR
2_寅丸星	寅丸☆ソイヤッ	60	39	22	366	60	通常攻撃をするぞ		f	f	f	f	f	f	f	f	f	f	f	f	f	f	f	TRUE	f	f	f	ATTACK_SPEAR
3_寅丸星	寅丸☆そぉい！	134	85	31	2500	60	通常攻撃をするぞ		f	f	f	f	f	f	f	f	f	f	f	f	f	f	f	TRUE	f	f	f	ATTACK_SPEAR
4_寅丸星	寅丸先生☆	255	105	20	3000	60	通常攻撃をするぞ		f	f	f	f	f	f	f	f	f	f	f	f	f	f	f	TRUE	f	f	f	ATTACK_SPEAR
1_二ッ岩マミゾウ	マミ変化	30	18	15	20	20	通常攻撃をするぞ	二ッ岩マミゾウ	f	f	f	f	f	f	f	f	f	f	f	f	f	f	f	f	TRUE	f	f	ATTACK_SPEAR
2_二ッ岩マミゾウ	ニッマミ変化	54	47	15	350	20	通常攻撃をするぞ	二ッ岩マミゾウ	f	f	f	f	f	f	f	f	f	f	f	f	f	f	f	f	TRUE	f	f	ATTACK_SPEAR
3_二ッ岩マミゾウ	泥棒マミ変化	70	61	19	1400	55	通常攻撃をするぞ	二ッ岩マミゾウ	f	f	f	f	f	f	f	f	f	f	f	f	f	f	f	f	TRUE	f	f	ATTACK_SPEAR
4_二ッ岩マミゾウ	佐渡の大妖怪	80	68	46	2100	55	通常攻撃をするぞ	二ッ岩マミゾウ	f	f	f	f	f	f	f	f	f	f	f	f	f	f	f	f	TRUE	f	f	ATTACK_SPEAR
1_博麗霊夢	グレイズ霊夢	50	38	30	500	0	周囲の敵を影縫い状態にするぞ		f	f	f	f	f	f	f	f	f	f	f	TRUE	TRUE	f	f	f	f	f	f	ATTACK_SMALL_OBJECT
2_博麗霊夢	夢想霊夢	80	65	42	2000	0	周囲の敵を影縫い状態にするぞ		f	f	f	f	f	f	f	f	f	f	f	TRUE	TRUE	f	f	f	f	f	f	ATTACK_SMALL_OBJECT
3_博麗霊夢	妖精バスター	123	110	51	5200	0	周囲の敵を影縫い状態にするぞ		f	f	f	f	f	f	f	f	f	f	f	TRUE	TRUE	f	f	f	f	f	f	ATTACK_SMALL_OBJECT
4_博麗霊夢	博麗の巫女	10	125	999	9999	50	周囲の敵を影縫い状態にするぞ		f	f	f	f	f	f	f	f	f	f	f	TRUE	TRUE	f	f	f	f	f	f	ATTACK_SMALL_OBJECT
1_八意永琳	毒永琳	48	27	10	120	20	草を投げるぞ		f	f	f	f	f	f	f	f	f	f	f	TRUE	f	f	f	f	f	f	f	ATTACK_SPEAR
2_八意永琳	めまわし永琳	70	40	10	400	20	草を投げるぞ		f	f	f	f	f	f	f	f	f	f	f	TRUE	f	f	f	f	f	f	f	ATTACK_SPEAR
3_八意永琳	ねむり永琳	107	57	10	2000	20	草を投げるぞ		f	f	f	f	f	f	f	f	f	f	f	TRUE	f	f	f	f	f	f	f	ATTACK_SPEAR
4_八意永琳	蓬莱の薬師	130	60	10	3500	20	草を投げるぞ		f	f	f	f	f	f	f	f	f	f	f	TRUE	f	f	f	f	f	f	f	ATTACK_SPEAR
1_八雲紫	ぱこゆかりん	73	65	10	400	0	通常攻撃をするぞ		TRUE	f	f	f	f	f	f	TRUE	TRUE	f	TRUE	f	f	f	f	f	f	f	f	ATTACK_UNKNOWN
2_八雲紫	ぱこゆかりーな	100	80	12	1800	0	通常攻撃をするぞ		TRUE	f	f	f	f	f	f	TRUE	TRUE	f	TRUE	f	f	f	f	f	f	f	f	ATTACK_UNKNOWN
3_八雲紫	ぱこゆかりんぐ	140	124	13	4200	0	通常攻撃をするぞ		TRUE	f	f	f	f	f	f	TRUE	TRUE	f	TRUE	f	f	f	f	f	f	f	f	ATTACK_UNKNOWN
4_八雲紫	境目に潜む妖怪	200	171	10	5200	0	通常攻撃をするぞ		TRUE	f	f	f	f	f	f	TRUE	TRUE	f	TRUE	f	f	f	f	f	f	f	f	ATTACK_UNKNOWN
1_八雲藍	式神藍	41	21	10	105	100	複数回攻撃をするぞ		f	f	f	f	f	f	f	f	f	f	TRUE	f	f	f	f	f	f	f	f	ATTACK_ROOLING
2_八雲藍	式神こっくりさん	85	40	13	500	100	複数回攻撃をするぞ		f	f	f	f	f	f	f	f	f	f	TRUE	f	f	f	f	f	f	f	f	ATTACK_ROOLING
3_八雲藍	式神チャーミング	120	60	16	3500	100	複数回攻撃をするぞ		f	f	f	f	f	f	f	f	f	f	TRUE	f	f	f	f	f	f	f	f	ATTACK_ROOLING
4_八雲藍	九尾の妖狐	255	75	25	4500	100	複数回攻撃をするぞ		f	f	f	f	f	f	f	f	f	f	TRUE	f	f	f	f	f	f	f	f	ATTACK_ROOLING
1_八坂神奈子	アイアン神奈子	40	28	10	100	40	オンバシラを投げるぞ		f	f	f	f	f	f	f	f	f	f	f	f	f	TRUE	f	f	f	f	f	ATTACK_HEAVY
2_八坂神奈子	チェイン神奈子	70	54	23	1560	40	オンバシラを投げるぞ		f	f	f	f	f	f	f	f	f	f	f	f	f	TRUE	f	f	f	f	f	ATTACK_HEAVY
3_八坂神奈子	ギガ神奈子	150	120	28	4300	40	オンバシラを投げるぞ		f	f	f	f	f	f	f	f	f	f	f	f	f	TRUE	f	f	f	f	f	ATTACK_HEAVY
4_八坂神奈子	風神様	255	151	30	4600	80	オンバシラを投げるぞ		f	f	f	f	f	f	f	f	f	f	f	f	f	TRUE	f	f	f	f	f	ATTACK_HEAVY
1_比那名居天子	コマンド天子	68	60	40	1650	40	とりあえず通常攻撃をするぞ		f	f	f	f	f	f	f	f	f	f	f	f	f	f	f	f	f	f	TRUE	ATTACK_AURA
2_比那名居天子	ラピッド天子	100	77	50	3100	40	とりあえず通常攻撃をするぞ		f	f	f	f	f	f	f	f	f	f	f	f	f	f	f	f	f	f	TRUE	ATTACK_AURA
3_比那名居天子	デストロイ天子	160	110	83	5000	40	とりあえず通常攻撃をするぞ		f	f	f	f	f	f	f	f	f	f	f	f	f	f	f	f	f	f	TRUE	ATTACK_AURA
4_比那名居天子	極光天子	255	125	88	9999	60	とりあえず通常攻撃をするぞ		f	f	f	f	f	f	f	f	f	f	f	f	f	f	f	f	f	f	TRUE	ATTACK_AURA
1_姫海棠はたて	スポイラーはたて	15	32	8	120	100	通常攻撃をするぞ		f	f	f	f	f	f	f	f	f	f	f	f	f	f	f	f	f	f	TRUE	ATTACK_SPEAR
2_姫海棠はたて	ダブルスポイラー	72	58	40	1350	100	通常攻撃をするぞ		f	f	f	f	f	f	f	f	f	f	f	f	f	f	f	f	f	f	TRUE	ATTACK_SPEAR
3_姫海棠はたて	トリプルスポイラー	99	65	50	2600	100	通常攻撃をするぞ		f	f	f	f	f	f	f	f	f	f	f	f	f	f	f	f	f	f	TRUE	ATTACK_SPEAR
4_姫海棠はたて	ハーミットスポイラー	99	65	50	3600	100	通常攻撃をするぞ		f	f	f	f	f	f	f	f	f	f	f	f	f	f	f	f	f	f	TRUE	ATTACK_SPEAR
1_封獣ぬえ	秘匿少女ぬえ	45	33	12	120	20	通常攻撃をするぞ		f	f	f	f	f	f	f	f	f	f	f	f	f	f	f	TRUE	TRUE	f	f	ATTACK_UNKNOWN
2_封獣ぬえ	確認不可少女	65	64	20	980	20	通常攻撃をするぞ		f	f	f	f	f	f	f	f	f	f	f	f	f	f	f	TRUE	TRUE	f	f	ATTACK_UNKNOWN
3_封獣ぬえ	正体不明	90	130	30	3010	20	通常攻撃をするぞ		f	f	f	f	f	f	f	f	f	f	f	f	f	f	f	TRUE	TRUE	f	f	ATTACK_UNKNOWN
4_封獣ぬえ	ぬえん	150	130	40	8000	20	通常攻撃をするぞ		f	f	f	f	f	f	f	f	f	f	f	f	f	f	f	TRUE	TRUE	f	f	ATTACK_UNKNOWN
1_風見幽香	マスパ幽香	80	62	15	1000	40	マスタースパークを発射するぞ		f	TRUE	f	f	f	f	f	f	f	f	f	f	TRUE	f	f	f	f	f	f	ATTACK_SPEAR
2_風見幽香	アーク幽香	100	70	20	2200	40	マスタースパークを発射するぞ		f	TRUE	f	f	f	f	f	f	f	f	f	f	TRUE	f	f	f	f	f	f	ATTACK_SPEAR
3_風見幽香	アビス幽香	180	125	26	5000	40	マスタースパークを発射するぞ		f	TRUE	f	f	f	f	f	f	f	f	f	f	TRUE	f	f	f	f	f	f	ATTACK_SPEAR
4_風見幽香	究極幽香様	250	160	30	6500	40	マスタースパークを発射するぞ		f	TRUE	f	f	f	f	f	f	f	f	f	f	TRUE	f	f	f	f	f	f	ATTACK_SPEAR
1_物部布都	閉じ込めの布都	23	17	12	26	0	通常攻撃をするぞ		f	TRUE	f	f	f	f	f	f	f	f	f	f	f	f	f	f	TRUE	f	f	ATTACK_AURA
2_物部布都	磐舟ノ布都	54	57	25	850	0	通常攻撃をするぞ		f	TRUE	f	f	f	f	f	f	f	f	f	f	f	f	f	f	TRUE	f	f	ATTACK_AURA
3_物部布都	天之布都	93	71	32	2150	0	通常攻撃をするぞ		f	TRUE	f	f	f	f	f	f	f	f	f	f	f	f	f	f	TRUE	f	f	ATTACK_AURA
4_物部布都	瀑布乃都	110	84	40	2504	0	通常攻撃をするぞ		f	TRUE	f	f	f	f	f	f	f	f	f	f	f	f	f	f	TRUE	f	f	ATTACK_AURA
1_蓬莱山輝夜	永夜返し輝夜	40	44	34	98	30	通常攻撃をするぞ		f	f	f	f	f	f	f	f	f	f	f	TRUE	f	f	f	f	f	f	f	ATTACK_SMALL_OBJECT
2_蓬莱山輝夜	眠り姫	57	50	48	500	30	通常攻撃をするぞ		f	f	f	f	f	f	f	f	f	f	f	TRUE	f	f	f	f	f	f	f	ATTACK_SMALL_OBJECT
3_蓬莱山輝夜	窓付きの夢	120	110	58	3000	30	通常攻撃をするぞ		f	f	f	f	f	f	f	f	f	f	f	TRUE	f	f	f	f	f	f	f	ATTACK_SMALL_OBJECT
4_蓬莱山輝夜	輝夜姫	130	190	50	4500	30	通常攻撃をするぞ		f	f	f	f	f	f	f	f	f	f	f	TRUE	f	f	f	f	f	f	f	ATTACK_SMALL_OBJECT
1_豊聡耳神子	みことのりの神子	61	45	15	710	40	通常攻撃をするぞ		f	f	f	f	f	f	f	f	f	f	f	f	f	f	f	f	TRUE	f	f	ATTACK_SWORD
2_豊聡耳神子	ブラッディ神子	89	57	22	1500	30	通常攻撃をするぞ		f	f	f	f	f	f	f	f	f	f	f	f	f	f	f	f	TRUE	f	f	ATTACK_SWORD
3_豊聡耳神子	ドレッド神子	125	76	30	3000	30	通常攻撃をするぞ		f	f	f	f	f	f	f	f	f	f	f	f	f	f	f	f	TRUE	f	f	ATTACK_SWORD
4_豊聡耳神子	畏るべき御方	125	76	30	5000	30	通常攻撃をするぞ		f	f	f	f	f	f	f	f	f	f	f	f	f	f	f	f	TRUE	f	f	ATTACK_SWORD
1_霧雨魔理沙	マスパ魔理沙	50	20	7	600	50	通常攻撃をするぞ		f	f	f	f	f	f	f	f	f	f	f	TRUE	TRUE	f	f	f	f	f	f	ATTACK_HANDS
2_霧雨魔理沙	暴れ魔理沙	80	25	7	1500	50	通常攻撃をするぞ		f	f	f	f	f	f	f	f	f	f	f	TRUE	TRUE	f	f	f	f	f	f	ATTACK_HANDS
3_霧雨魔理沙	妖精ハンター	150	30	7	4500	50	通常攻撃をするぞ		f	f	f	f	f	f	f	f	f	f	f	TRUE	TRUE	f	f	f	f	f	f	ATTACK_HANDS
4_霧雨魔理沙	普通の魔理沙	320	110	7	5555	50	通常攻撃をするぞ		f	f	f	f	f	f	f	f	f	f	f	TRUE	TRUE	f	f	f	f	f	f	ATTACK_HANDS
1_幽谷響子	アイテムヤッホー	5	3	6	4	0	通常攻撃をするぞ		f	f	f	f	f	f	f	f	f	f	f	f	f	f	f	f	TRUE	f	f	ATTACK_SPECIAL_BODY
2_幽谷響子	エントーヤッホー	27	12	5	16	0	通常攻撃をするぞ		f	f	f	f	f	f	f	f	f	f	f	f	f	f	f	f	TRUE	f	f	ATTACK_SPECIAL_BODY
3_幽谷響子	超電磁ヤッホー	55	37	15	800	0	通常攻撃をするぞ		f	f	f	f	f	f	f	f	f	f	f	f	f	f	f	f	TRUE	f	f	ATTACK_SPECIAL_BODY
4_幽谷響子	ウルトラブルカノヤッホー	90	44	20	1700	0	通常攻撃をするぞ		f	f	f	f	f	f	f	f	f	f	f	f	f	f	f	f	TRUE	f	f	ATTACK_SPECIAL_BODY
1_鈴仙・優曇華院・イナバ	ウドンゲイズ	32	15	8	33	25	直線上の敵を混乱させるぞ	イナバ	f	f	f	f	f	f	f	f	f	f	f	TRUE	TRUE	f	f	f	f	f	f	ATTACK_WAVE
2_鈴仙・優曇華院・イナバ	H・ウドンゲイズ	50	43	21	690	25	直線上の敵を混乱させるぞ	イナバ	f	f	f	f	f	f	f	f	f	f	f	TRUE	TRUE	f	f	f	f	f	f	ATTACK_WAVE
3_鈴仙・優曇華院・イナバ	L・ウドンゲイズ	110	58	31	3300	25	直線上の敵を混乱させるぞ	イナバ	f	f	f	f	f	f	f	f	f	f	f	TRUE	TRUE	f	f	f	f	f	f	ATTACK_WAVE
4_鈴仙・優曇華院・イナバ	ルナティックレッドゲイズ	180	58	31	8300	25	直線上の敵を混乱させるぞ	イナバ	f	f	f	f	f	f	f	f	f	f	f	TRUE	TRUE	f	f	f	f	f	f	ATTACK_WAVE
1_霊烏路空	うにゅほ戦車	60	10	15	130	50	大砲を発射するぞ		f	f	f	f	f	f	f	f	f	f	f	f	f	f	TRUE	f	f	f	f	ATTACK_HEAVY
2_霊烏路空	お空タンク	73	20	28	900	50	大砲を発射するぞ		f	f	f	f	f	f	f	f	f	f	f	f	f	f	TRUE	f	f	f	f	ATTACK_HEAVY
3_霊烏路空	最終兵器～空～	130	30	33	3800	50	大砲を発射するぞ		f	f	f	f	f	f	f	f	f	f	f	f	f	f	TRUE	f	f	f	f	ATTACK_HEAVY
4_霊烏路空	地獄の太陽	140	40	20	9500	50	大砲を発射するぞ		f	f	f	f	f	f	f	f	f	f	f	f	f	f	TRUE	f	f	f	f	ATTACK_HEAVY
1_橙	跳ねるちぇん	28	24	6	39	100	飛び回るぞ		f	f	f	f	f	f	f	f	f	f	TRUE	f	f	f	f	f	f	f	f	ATTACK_SCRATCH
2_橙	素早いちぇん	42	31	17	100	100	飛び回るぞ		f	f	f	f	f	f	f	f	f	f	TRUE	f	f	f	f	f	f	f	f	ATTACK_SCRATCH
3_橙	毘沙門ちぇん	80	46	22	900	100	飛び回るぞ		f	f	f	f	f	f	f	f	f	f	TRUE	f	f	f	f	f	f	f	f	ATTACK_SCRATCH
4_橙	ちぇ～～～ん	120	66	33	1500	100	飛び回るぞ		f	f	f	f	f	f	f	f	f	f	TRUE	f	f	f	f	f	f	f	f	ATTACK_SCRATCH
1_霍青娥	邪仙	24	15	7	31	25	部屋内の敵を邪法状態にするぞ		TRUE	f	f	f	f	f	f	f	TRUE	f	f	f	f	f	f	f	TRUE	f	f	ATTACK_SMALL_OBJECT
2_霍青娥	蝕み邪仙	65	38	20	600	25	部屋内の敵を邪法状態にするぞ		TRUE	f	f	f	f	f	f	f	TRUE	f	f	f	f	f	f	f	TRUE	f	f	ATTACK_SMALL_OBJECT
3_霍青娥	かすみ邪仙	100	84	25	2300	25	部屋内の敵を邪法状態にするぞ		TRUE	f	f	f	f	f	f	f	TRUE	f	f	f	f	f	f	f	TRUE	f	f	ATTACK_SMALL_OBJECT
4_霍青娥	ネガティブヒーラー	150	100	30	3300	25	部屋内の敵を邪法状態にするぞ		TRUE	f	f	f	f	f	f	f	TRUE	f	f	f	f	f	f	f	TRUE	f	f	ATTACK_SMALL_OBJECT
1_朱鷺子	出張朱鷺子	49	24	8	65	20	通常攻撃をするぞ		f	f	f	f	f	f	f	f	f	f	f	f	f	f	f	f	f	f	TRUE	ATTACK_SMALL_OBJECT
2_朱鷺子	支店長朱鷺子	70	42	20	450	20	通常攻撃をするぞ		f	f	f	f	f	f	f	f	f	f	f	f	f	f	f	f	f	f	TRUE	ATTACK_SMALL_OBJECT
3_朱鷺子	本読み妖怪	110	85	25	2500	20	通常攻撃をするぞ		f	f	f	f	f	f	f	f	f	f	f	f	f	f	f	f	f	f	TRUE	ATTACK_SMALL_OBJECT
4_朱鷺子	*朱鷺子*	999	25	30	99999	25	通常攻撃をするぞ		f	TRUE	f	f	f	f	f	TRUE	f	f	f	f	f	f	f	f	f	f	TRUE	ATTACK_SMALL_OBJECT
1_赤蛮奇_体	クローズ赤蛮奇	50	36	10	100	20	頭を投げるぞ	赤蛮奇	f	f	f	f	f	f	f	f	f	f	f	f	f	f	f	f	f	TRUE	f	ATTACK_SHOOT
2_赤蛮奇_体	ルーム赤蛮奇	70	38	20	500	20	頭を投げるぞ	赤蛮奇	f	f	f	f	f	f	f	f	f	f	f	f	f	f	f	f	f	TRUE	f	ATTACK_SHOOT
3_赤蛮奇_体	フロア赤蛮奇	90	70	30	2500	20	頭を投げるぞ	赤蛮奇	f	f	f	f	f	f	f	f	f	f	f	f	f	f	f	f	f	TRUE	f	ATTACK_SHOOT
4_赤蛮奇_体	デュラハン	120	70	30	3220	20	頭を投げるぞ	赤蛮奇	f	f	f	f	f	f	f	f	f	f	f	f	f	f	f	f	f	TRUE	f	ATTACK_SHOOT
1_赤蛮奇_頭	赤蛮奇ヘッド	10	30	10	5	20	レーザーを放つぞ	赤蛮奇	TRUE	f	f	f	f	f	f	f	f	f	f	f	f	f	f	f	f	TRUE	f	ATTACK_HANDS
2_赤蛮奇_頭	赤蛮奇ヘッド２	10	50	10	25	20	レーザーを放つぞ	赤蛮奇	TRUE	f	f	f	f	f	f	f	f	f	f	f	f	f	f	f	f	TRUE	f	ATTACK_HANDS
3_赤蛮奇_頭	赤蛮奇ヘッド３	10	70	10	125	20	レーザーを放つぞ	赤蛮奇	TRUE	f	f	f	f	f	f	f	f	f	f	f	f	f	f	f	f	TRUE	f	ATTACK_HANDS
4_赤蛮奇_頭	デュラハンヘッド	120	70	30	3220	20	レーザーを放つぞ	赤蛮奇	TRUE	f	f	f	f	f	f	f	f	f	f	f	f	f	f	f	f	TRUE	f	ATTACK_HANDS
1_今泉影狼	とおせな影狼	69	41	13	350	100	影縫い噛み付きをするぞ		f	f	f	f	f	f	f	f	f	f	f	f	f	f	f	f	f	TRUE	f	ATTACK_SWORD
2_今泉影狼	うごけな影狼	100	75	20	2500	100	影縫い噛み付きをするぞ		f	f	f	f	f	f	f	f	f	f	f	f	f	f	f	f	f	TRUE	f	ATTACK_SWORD
3_今泉影狼	バインドウルフ	131	105	25	3400	100	影縫い噛み付きをするぞ		f	f	f	f	f	f	f	f	f	f	f	f	f	f	f	f	f	TRUE	f	ATTACK_SWORD
4_今泉影狼	シャドウハンター	131	105	25	4400	100	影縫い噛み付きをするぞ		f	f	f	f	f	f	f	f	f	f	f	f	f	f	f	f	f	TRUE	f	ATTACK_SWORD
1_秦こころ	絶望ノココロ	121	55	15	250	40	ええんじゃないか状態にするぞ		f	f	f	f	f	f	f	f	f	f	f	f	f	f	f	f	f	f	TRUE	ATTACK_HANDS
2_秦こころ	無感情ノココロ	175	110	20	1500	40	ええんじゃないか状態にするぞ		f	f	f	f	f	f	f	f	f	f	f	f	f	f	f	f	f	f	TRUE	ATTACK_HANDS
3_秦こころ	絶望ヲ誘ウココロ	255	130	25	3000	40	ええんじゃないか状態にするぞ		f	f	f	f	f	f	f	f	f	f	f	f	f	f	f	f	f	f	TRUE	ATTACK_HANDS
4_秦こころ	ココロノ喪失	355	160	30	5000	40	ええんじゃないか状態にするぞ		f	f	f	f	f	f	f	TRUE	f	f	f	f	f	f	f	f	f	f	TRUE	ATTACK_HANDS
1_わかさぎ姫	テッポー姫	3	12	1	7	0	通常攻撃をするぞ		f	f	f	f	f	f	f	f	f	f	f	f	f	f	f	f	f	TRUE	f	ATTACK_WATER
2_わかさぎ姫	わかさぎクラッシュ	45	60	8	1500	0	通常攻撃をするぞ		f	f	f	f	f	f	f	f	f	f	f	f	f	f	f	f	f	TRUE	f	ATTACK_WATER
3_わかさぎ姫	湖畔のマーメイド	50	65	10	3000	0	通常攻撃をするぞ		f	f	f	f	f	f	f	f	f	f	f	f	f	f	f	f	f	TRUE	f	ATTACK_WATER
4_わかさぎ姫	不老不死伝説	120	70	30	4000	0	通常攻撃をするぞ		f	f	f	f	f	f	f	f	f	f	f	f	f	f	f	f	f	TRUE	f	ATTACK_WATER
1_少名針妙丸	スーパー針妙丸	50	20	2	50	20			f	f	f	f	f	f	f	f	f	f	f	f	f	f	f	f	f	TRUE	f	ATTACK_SWORD
2_少名針妙丸	ウルトラ針妙丸	50	34	100	2400	20			f	f	f	f	f	f	f	f	f	f	f	f	f	f	f	f	f	TRUE	f	ATTACK_SWORD
3_少名針妙丸	ヒュージ針妙丸	50	200	100	3500	20			f	f	f	f	f	f	f	f	f	f	f	f	f	f	f	f	f	TRUE	f	ATTACK_SWORD
4_少名針妙丸	*少名針妙丸*	200	100	40	4500	20			f	f	f	f	f	f	f	f	f	f	f	f	f	f	f	f	f	TRUE	f	ATTACK_SWORD
1_鬼人正邪	シフト正邪	8	75	26	1111	40			f	f	f	f	f	f	f	f	f	f	f	f	f	f	f	f	f	TRUE	f	ATTACK_SWORD
2_鬼人正邪	正邪エンチャンター	80	75	26	2222	40			f	f	f	f	f	f	f	f	f	f	f	f	f	f	f	f	f	TRUE	f	ATTACK_SWORD
3_鬼人正邪	正邪メビウス	75	5	30	3000	40			f	f	f	f	f	f	f	f	f	f	f	f	f	f	f	f	f	TRUE	f	ATTACK_SWORD
4_鬼人正邪	*鬼人正邪*	80	75	26	9999	0			f	f	f	f	f	f	f	f	f	f	f	f	f	f	f	f	f	TRUE	f	ATTACK_SWORD
1_堀川雷鼓	近距離雷鼓	29	1	20	42	40			f	f	f	f	f	TRUE	f	f	f	f	f	f	f	f	f	f	f	TRUE	f	ATTACK_SWORD
2_堀川雷鼓	ヘイズ雷鼓	72	1	22	350	30			f	f	f	f	f	TRUE	f	f	f	f	f	f	f	f	f	f	f	TRUE	f	ATTACK_SWORD
3_堀川雷鼓	エンペラー雷鼓	105	1	24	1250	20			f	f	f	f	f	TRUE	f	f	f	f	f	f	f	f	f	f	f	TRUE	f	ATTACK_SWORD
4_堀川雷鼓	ミス雷鼓	44	4	4	4444	7			f	f	f	f	f	TRUE	f	f	f	f	f	f	f	f	f	f	f	TRUE	f	ATTACK_SWORD
1_着物勇儀	勇儀姐さん	150	52	25	3000	10			f	f	f	f	f	f	f	f	f	f	f	f	f	f	TRUE	f	f	f	f	ATTACK_HEAVY
2_着物勇儀	狂瀾勇儀	200	70	25	6000	10			f	f	f	f	f	f	f	f	f	f	f	f	f	f	TRUE	f	f	f	f	ATTACK_HEAVY
3_着物勇儀	怪力乱神	255	120	50	7000	10			f	f	f	f	f	f	f	f	f	f	f	f	f	f	TRUE	f	f	f	f	ATTACK_HEAVY
4_着物勇儀	星殺し	255	120	50	9999	10			f	f	f	f	f	f	f	f	f	f	f	f	f	f	TRUE	f	f	f	f	ATTACK_HEAVY
1_魅魔	RevengefulGhost	6	56	0	1666	30			TRUE	f	TRUE	f	f	TRUE	TRUE	f	TRUE	f	f	f	f	f	f	f	f	f	f	ATTACK_HEAVY
2_魅魔	EngelRevenger	41	76	0	2666	40			TRUE	f	TRUE	f	f	TRUE	TRUE	f	TRUE	f	f	f	f	f	f	f	f	f	f	ATTACK_HEAVY
3_魅魔	CompleteDarkness	66	86	0	3666	45			TRUE	f	TRUE	f	f	TRUE	TRUE	f	TRUE	f	f	f	f	f	f	f	f	f	f	ATTACK_HEAVY
4_魅魔	復活を求められし者	66	130	0	4301	80			TRUE	f	TRUE	f	f	TRUE	TRUE	f	TRUE	f	f	f	f	f	f	f	f	f	f	ATTACK_HEAVY
1_Exルーミア	剣聖ルーミア	255	30	1	1970	0	f		TRUE	f	f	f	f	f	f	f	f	TRUE	f	f	f	f	f	f	f	f	f	ATTACK_SWORD
2_Exルーミア	青曜ルーミア	355	40	1	2970	0	f		TRUE	f	f	f	f	f	f	f	f	TRUE	f	f	f	f	f	f	f	f	f	ATTACK_SWORD
3_Exルーミア	黒陽ルーミア	355	50	1	3970	0	f		TRUE	f	f	f	f	f	f	f	f	TRUE	f	f	f	f	f	f	f	f	f	ATTACK_SWORD
4_Exルーミア	終焉ルーミア	355	70	1	4970	0	f		TRUE	f	f	f	f	f	f	f	f	TRUE	f	f	f	f	f	f	f	f	f	ATTACK_SWORD
1_きもけーね	加えちゃう白沢	51	25	13	200	15			f	f	f	f	f	f	f	f	f	f	f	TRUE	f	f	f	f	f	f	f	ATTACK_HEAVY
2_きもけーね	よけーね白沢	90	45	25	700	15			f	f	f	f	f	f	f	f	f	f	f	TRUE	f	f	f	f	f	f	f	ATTACK_HEAVY
3_きもけーね	頭いい白沢	40	65	130	2000	15			f	f	f	f	f	f	f	f	f	f	f	TRUE	f	f	f	f	f	f	f	ATTACK_HEAVY
4_きもけーね	おしゃれな白沢	40	2	130	2500	100			f	f	f	f	f	f	f	f	f	f	f	TRUE	f	f	f	f	f	f	f	ATTACK_HEAVY
1_先代巫女	先代霊夢	12	63	110	1200	20			f	f	f	f	f	f	f	f	f	f	f	f	f	f	f	f	f	f	f	ATTACK_HEAVY
2_先代巫女	無双霊夢	12	68	255	2200	20			f	f	f	f	f	f	f	f	f	f	f	f	f	f	f	f	f	f	f	ATTACK_HEAVY
3_先代巫女	必殺霊夢	16	81	999	4200	20			f	f	f	f	f	f	f	f	f	f	f	f	f	f	f	f	f	f	f	ATTACK_HEAVY
4_先代巫女	ご隠居霊夢	25	86	999	5200	80			f	f	f	f	f	f	f	f	f	f	f	f	f	f	f	f	f	f	f	ATTACK_HEAVY
1_ヒソウテンソク	ヒソウテンソク	51	35	999	9999	40			f	f	f	TRUE	f	TRUE	f	f	f	f	f	f	f	f	f	f	f	f	f	ATTACK_HEAVY
2_ヒソウテンソク	ヒソウテンソク	51	35	999	9999	40			f	f	f	TRUE	f	TRUE	f	f	f	f	f	f	f	f	f	f	f	f	f	ATTACK_HEAVY
3_ヒソウテンソク	ヒソウテンソク	51	35	999	9999	40			f	f	f	TRUE	f	TRUE	f	f	f	f	f	f	f	f	f	f	f	f	f	ATTACK_HEAVY
4_ヒソウテンソク	ヒソウテンソク	51	35	999	9999	40			f	f	f	TRUE	f	TRUE	f	f	f	f	f	f	f	f	f	f	f	f	f	ATTACK_HEAVY
